"Country Name","Country Code","Indicator Name","Indicator Code","1960","1961","1962","1963","1964","1965","1966","1967","1968","1969","1970","1971","1972","1973","1974","1975","1976","1977","1978","1979","1980","1981","1982","1983","1984","1985","1986","1987","1988","1989","1990","1991","1992","1993","1994","1995","1996","1997","1998","1999","2000","2001","2002","2003","2004","2005","2006","2007","2008","2009","2010","2011","2012","2013","2014","2015","2016",
"Aruba","ABW","Researchers in R&D (per million people)","SP.POP.SCIE.RD.P6","","","","","","","","","","","","","","","","","","","","","","","","","","","","","","","","","","","","","","","","","","","","","","","","","","","","","","","","","",
"Andorra","AND","Researchers in R&D (per million people)","SP.POP.SCIE.RD.P6","","","","","","","","","","","","","","","","","","","","","","","","","","","","","","","","","","","","","","","","","","","","","","","","","","","","","","","","","",
"Afghanistan","AFG","Researchers in R&D (per million people)","SP.POP.SCIE.RD.P6","","","","","","","","","","","","","","","","","","","","","","","","","","","","","","","","","","","","","","","","","","","","","","","","","","","","","","","","","",
"Angola","AGO","Researchers in R&D (per million people)","SP.POP.SCIE.RD.P6","","","","","","","","","","","","","","","","","","","","","","","","","","","","","","","","","","","","","","","","","","","","","","","","","","","","52.4101905822754","","","","","",
"Albania","ALB","Researchers in R&D (per million people)","SP.POP.SCIE.RD.P6","","","","","","","","","","","","","","","","","","","","","","","","","","","","","","","","","","","","","","","","","","","","","","","","","157.343643188477","","","","","","","","",
"Arab World","ARB","Researchers in R&D (per million people)","SP.POP.SCIE.RD.P6","","","","","","","","","","","","","","","","","","","","","","","","","","","","","","","","","","","","","","","","","","","","","","","","","","","","","","","","","",
"United Arab Emirates","ARE","Researchers in R&D (per million people)","SP.POP.SCIE.RD.P6","","","","","","","","","","","","","","","","","","","","","","","","","","","","","","","","","","","","","","","","","","","","","","","","","","","","","","","","","",
"Argentina","ARG","Researchers in R&D (per million people)","SP.POP.SCIE.RD.P6","","","","","","","","","","","","","","","","","","","","","","","","","","","","","","","","","","","","","","692.192443847656","701.376770019531","709.560180664063","712.947021484375","684.679748535156","688.397583007813","714.366333007813","760.958679199219","814.091186523438","885.771179199219","967.753173828125","1028.2587890625","1032.76965332031","1120.70751953125","1177.00402832031","1199.40405273438","1193.85375976563","1202.07067871094","","",
"Armenia","ARM","Researchers in R&D (per million people)","SP.POP.SCIE.RD.P6","","","","","","","","","","","","","","","","","","","","","","","","","","","","","","","","","","","","","","","","","","","","","","","","","","","","","","","","","",
"American Samoa","ASM","Researchers in R&D (per million people)","SP.POP.SCIE.RD.P6","","","","","","","","","","","","","","","","","","","","","","","","","","","","","","","","","","","","","","","","","","","85.1368103027344","405.974578857422","151.867980957031","101.49365234375","","","","","","","","","","","",
"Antigua and Barbuda","ATG","Researchers in R&D (per million people)","SP.POP.SCIE.RD.P6","","","","","","","","","","","","","","","","","","","","","","","","","","","","","","","","","","","","","","","","","","","","","","","","","","","","","","","","","",
"Australia","AUS","Researchers in R&D (per million people)","SP.POP.SCIE.RD.P6","","","","","","","","","","","","","","","","","","","","","","","","","","","","","","","","","","","","","3332.22119140625","","3360.08935546875","","3454.25927734375","","3749.6953125","","4062.525390625","","4231.77880859375","","4335.39013671875","","4530.72802734375","","","","","","",
"Austria","AUT","Researchers in R&D (per million people)","SP.POP.SCIE.RD.P6","","","","","","","","","","","","","","","","","","","","","","","","","","","","","","","","","","","","","","","2332.59545898438","","","","2972.88940429688","","3166.57202148438","3457.2060546875","3530.9453125","3815.74438476563","4141.9248046875","4145.7001953125","4359.02783203125","4405.95263671875","4653.26806640625","4763.25927734375","4814.5478515625","","",
"Azerbaijan","AZE","Researchers in R&D (per million people)","SP.POP.SCIE.RD.P6","","","","","","","","","","","","","","","","","","","","","","","","","","","","","","","","","","","","","","","","","","","","","","","","","","","","","","","","","",
"Burundi","BDI","Researchers in R&D (per million people)","SP.POP.SCIE.RD.P6","","","","","","","","","","","","","","","","","","","","","","","","","","","","","","","","","","","","","","","","","","","","","","","","","","","","","","","","","",
"Belgium","BEL","Researchers in R&D (per million people)","SP.POP.SCIE.RD.P6","","","","","","","","","","","","","","","","","","","","","","","","","","","","","","","","","","","","","2467.310546875","2574.3515625","2700.6328125","2904.20971679688","2974.1435546875","3126.318359375","2958.92260742188","2965.3388671875","3087.91455078125","3138.400390625","3280.5517578125","3392.71557617188","3411.626953125","3521.6552734375","3735.8232421875","3878.69995117188","4115.45458984375","4156.244140625","4175.88232421875","","",
"Benin","BEN","Researchers in R&D (per million people)","SP.POP.SCIE.RD.P6","","","","","","","","","","","","","","","","","","","","","","","","","","","","","","","","","","","","","","","","","","","","","","","","","","","","","","","","","",
"Burkina Faso","BFA","Researchers in R&D (per million people)","SP.POP.SCIE.RD.P6","","","","","","","","","","","","","","","","","","","","","","","","","","","","","","","","","","","","","","","","","","","","","","","","","","","47.4949989318848","","","","","","",
"Bangladesh","BGD","Researchers in R&D (per million people)","SP.POP.SCIE.RD.P6","","","","","","","","","","","","","","","","","","","","","","","","","","","","","","","","","","","","","","","","","","","","","","","","","","","","","","","","","",
"Bulgaria","BGR","Researchers in R&D (per million people)","SP.POP.SCIE.RD.P6","","","","","","","","","","","","","","","","","","","","","","","","","","","","","","","","","","","","","1782.67102050781","1460.98937988281","1472.25512695313","1311.64306640625","1184.79943847656","1161.65209960938","1172.04919433594","1228.56494140625","1269.18896484375","1308.53894042969","1355.61010742188","1480.23791503906","1515.10998535156","1604.27734375","1482.18713378906","1618.16809082031","1547.15234375","1692.5107421875","1833.13916015625","","",
"Bahrain","BHR","Researchers in R&D (per million people)","SP.POP.SCIE.RD.P6","","","","","","","","","","","","","","","","","","","","","","","","","","","","","","","","","","","","","","","","","","","","","","","","","","","","","","","361.986297607422","","",
"Bahamas, The","BHS","Researchers in R&D (per million people)","SP.POP.SCIE.RD.P6","","","","","","","","","","","","","","","","","","","","","","","","","","","","","","","","","","","","","","","","","","","","","","","","","","","","","","","","","",
"Bosnia and Herzegovina","BIH","Researchers in R&D (per million people)","SP.POP.SCIE.RD.P6","","","","","","","","","","","","","","","","","","","","","","","","","","","","","","","","","","","","","","","","","","","","60.7044792175293","62.4051208496094","65.9504699707031","174.839736938477","194.033569335938","","","","","150.793319702148","216.68440246582","266.689086914063","","",
"Belarus","BLR","Researchers in R&D (per million people)","SP.POP.SCIE.RD.P6","","","","","","","","","","","","","","","","","","","","","","","","","","","","","","","","","","","","","","","","","","","","","","","","","","","","","","","","","",
"Belize","BLZ","Researchers in R&D (per million people)","SP.POP.SCIE.RD.P6","","","","","","","","","","","","","","","","","","","","","","","","","","","","","","","","","","","","","","","","","","","","","","","","","","","","","","","","","",
"Bermuda","BMU","Researchers in R&D (per million people)","SP.POP.SCIE.RD.P6","","","","","","","","","","","","","","","","","","","","","","","","","","","","","","","","","","","","","","","","","","","","","","","","","","","","","","","","","",
"Bolivia","BOL","Researchers in R&D (per million people)","SP.POP.SCIE.RD.P6","","","","","","","","","","","","","","","","","","","","","","","","","","","","","","","","","","","","","","","73.5087432861328","73.3253402709961","71.946662902832","123.582069396973","120.184768676758","","","","","","","145.714645385742","165.954254150391","","","","","","",
"Brazil","BRA","Researchers in R&D (per million people)","SP.POP.SCIE.RD.P6","","","","","","","","","","","","","","","","","","","","","","","","","","","","","","","","","","","","","","","","","420.254272460938","436.763061523438","454.211547851563","490.221130371094","538.577026367188","580.488342285156","588.98291015625","603.108581542969","618.828308105469","656.335266113281","698.102111816406","","","","","","",
"Barbados","BRB","Researchers in R&D (per million people)","SP.POP.SCIE.RD.P6","","","","","","","","","","","","","","","","","","","","","","","","","","","","","","","","","","","","","","","","","","","","","","","","","","","","","","","","","",
"Brunei Darussalam","BRN","Researchers in R&D (per million people)","SP.POP.SCIE.RD.P6","","","","","","","","","","","","","","","","","","","","","","","","","","","","","","","","","","","","","","","","","","","288.307800292969","280.354858398438","286.477355957031","","","","","","","","","","","","",
"Bhutan","BTN","Researchers in R&D (per million people)","SP.POP.SCIE.RD.P6","","","","","","","","","","","","","","","","","","","","","","","","","","","","","","","","","","","","","","","","","","","","","","","","","","","","","","","","","",
"Botswana","BWA","Researchers in R&D (per million people)","SP.POP.SCIE.RD.P6","","","","","","","","","","","","","","","","","","","","","","","","","","","","","","","","","","","","","","","","","","","","","","","","","","","","","164.898895263672","","","","",
"Central African Republic","CAF","Researchers in R&D (per million people)","SP.POP.SCIE.RD.P6","","","","","","","","","","","","","","","","","","","","","","","","","","","","","","","","","","","","","","","","","","","","","","","","","","","","","","","","","",
"Canada","CAN","Researchers in R&D (per million people)","SP.POP.SCIE.RD.P6","","","","","","","","","","","","","","","","","","","","","","","","","","","","","","","","","","","","","3058.029296875","3119.40380859375","3158.51831054688","3242.84350585938","3514.44018554688","3694.90258789063","3706.1455078125","3900.10400390625","4084.76782226563","4237.92724609375","4313.2109375","4588.22216796875","4711.7705078125","4451.4169921875","4649.21728515625","4785.5205078125","4634.31494140625","4518.513671875","","","",
"Central Europe and the Baltics","CEB","Researchers in R&D (per million people)","SP.POP.SCIE.RD.P6","","","","","","","","","","","","","","","","","","","","","","","","","","","","","","","","","","","","","1405.39225801185","1394.39840897464","1405.01596277278","1380.44997591946","1373.22306332234","1388.06806174282","1409.43449641898","1420.85600878199","1489.77123650138","1607.8846954832","1613.80966106437","1676.98833205808","1741.84185265256","1758.57216025569","1830.5550238932","1846.64646247371","1919.63067255782","1996.35431278228","2099.03774539527","","",
"Switzerland","CHE","Researchers in R&D (per million people)","SP.POP.SCIE.RD.P6","","","","","","","","","","","","","","","","","","","","","","","","","","","","","","","","","","","","","3131.1826171875","","","","3643.11010742188","","","","3457.994140625","","","","3287.98291015625","","","","4481.07373046875","","","","",
"Channel Islands","CHI","Researchers in R&D (per million people)","SP.POP.SCIE.RD.P6","","","","","","","","","","","","","","","","","","","","","","","","","","","","","","","","","","","","","","","","","","","","","","","","","","","","","","","","","",
"Chile","CHL","Researchers in R&D (per million people)","SP.POP.SCIE.RD.P6","","","","","","","","","","","","","","","","","","","","","","","","","","","","","","","","","","","","","","","","","","","","","","","","337.182891845703","357.989685058594","288.711364746094","319.716979980469","353.368530273438","390.950042724609","335.2841796875","427.981658935547","","",
"China","CHN","Researchers in R&D (per million people)","SP.POP.SCIE.RD.P6","","","","","","","","","","","","","","","","","","","","","","","","","","","","","","","","","","","","","442.565490722656","471.994934082031","386.771667480469","420.602081298828","547.303894042969","581.531860351563","631.078002929688","667.532104492188","713.284484863281","856.845458984375","932.314147949219","1078.62524414063","1200.294921875","863.92626953125","902.959777832031","977.682067871094","1035.87915039063","1089.19201660156","1113.07189941406","","",
"Cote d'Ivoire","CIV","Researchers in R&D (per million people)","SP.POP.SCIE.RD.P6","","","","","","","","","","","","","","","","","","","","","","","","","","","","","","","","","","","","","","","","","","","","","","69.9840469360352","","","","","","","","","","","",
"Cameroon","CMR","Researchers in R&D (per million people)","SP.POP.SCIE.RD.P6","","","","","","","","","","","","","","","","","","","","","","","","","","","","","","","","","","","","","","","","","","","","","","","","","","","","","","","","","",
"Congo, Rep.","COG","Researchers in R&D (per million people)","SP.POP.SCIE.RD.P6","","","","","","","","","","","","","","","","","","","","","","","","","","","","","","","","","","","","","50.7886009216309","49.5887107849121","40.7211494445801","36.3625106811523","32.7247314453125","","","","","","","","","","","","","","","","",
"Colombia","COL","Researchers in R&D (per million people)","SP.POP.SCIE.RD.P6","","","","","","","","","","","","","","","","","","","","","","","","","","","","","","","","","","","","","70.1200332641602","74.1614608764648","","","99.2716217041016","111.150581359863","126.833572387695","138.346984863281","110.36750793457","126.185317993164","142.665145874023","161.327087402344","175.925247192383","183.059234619141","192.994125366211","176.619400024414","148.132858276367","151.945007324219","","","",
"Comoros","COM","Researchers in R&D (per million people)","SP.POP.SCIE.RD.P6","","","","","","","","","","","","","","","","","","","","","","","","","","","","","","","","","","","","","","","","","","","","","","","","","","","","","","","","","",
"Cabo Verde","CPV","Researchers in R&D (per million people)","SP.POP.SCIE.RD.P6","","","","","","","","","","","","","","","","","","","","","","","","","","","","","","","","","","","","","","","","","","100.590797424316","131.753463745117","","","","","","","","","50.4888305664063","","","","","",
"Costa Rica","CRI","Researchers in R&D (per million people)","SP.POP.SCIE.RD.P6","","","","","","","","","","","","","","","","","","","","","","","","","","","","","","","","","","","","","","","","","","","","132.817245483398","109.624008178711","124.01587677002","","","263.009002685547","997.936645507813","1232.70922851563","1327.46813964844","339.696990966797","357.808135986328","","","",
"Caribbean small states","CSS","Researchers in R&D (per million people)","SP.POP.SCIE.RD.P6","","","","","","","","","","","","","","","","","","","","","","","","","","","","","","","","","","","","","","","","","","","","","","","","","","","","","","","","","",
"Cuba","CUB","Researchers in R&D (per million people)","SP.POP.SCIE.RD.P6","","","","","","","","","","","","","","","","","","","","","","","","","","","","","","","","","","","","","","","","","","","","","","","","","","","","","","","","","",
"Curacao","CUW","Researchers in R&D (per million people)","SP.POP.SCIE.RD.P6","","","","","","","","","","","","","","","","","","","","","","","","","","","","","","","","","","","","","","","","","","","","","","","","","","","","","","","","","",
"Cayman Islands","CYM","Researchers in R&D (per million people)","SP.POP.SCIE.RD.P6","","","","","","","","","","","","","","","","","","","","","","","","","","","","","","","","","","","","","","","","","","","","","","","","","","","","","","","","","",
"Cyprus","CYP","Researchers in R&D (per million people)","SP.POP.SCIE.RD.P6","","","","","","","","","","","","","","","","","","","","","","","","","","","","","","","","","","","","","","","259.900451660156","300.381103515625","321.217193603516","346.34033203125","443.930541992188","490.908172607422","573.916625976563","660.477661132813","713.540954589844","751.617980957031","748.3681640625","800.560485839844","819.980346679688","819.419616699219","776.585205078125","771.688720703125","749.788940429688","","",
"Czech Republic","CZE","Researchers in R&D (per million people)","SP.POP.SCIE.RD.P6","","","","","","","","","","","","","","","","","","","","","","","","","","","","","","","","","","","","","1255.29187011719","1219.72082519531","1220.23962402344","1316.56701660156","1349.70153808594","1462.96545410156","1464.42150878906","1548.10400390625","1596.11499023438","2362.365234375","2557.30590820313","2698.59741210938","2864.5185546875","2749.4501953125","2781.8544921875","2912.62890625","3149.99145507813","3249.88940429688","3418.46166992188","","",
"Germany","DEU","Researchers in R&D (per million people)","SP.POP.SCIE.RD.P6","","","","","","","","","","","","","","","","","","","","","","","","","","","","","","","","","","","","","2811.61376953125","2875.74072265625","2898.56689453125","3107.28271484375","3148.80126953125","3231.71752929688","3253.51977539063","3297.09106445313","3318.869140625","3349.64575195313","3452.2099609375","3597.23876953125","3751.78149414063","3940.73583984375","4077.76708984375","4211.25439453125","4379.0751953125","4399.67236328125","4380.5625","","",
"Djibouti","DJI","Researchers in R&D (per million people)","SP.POP.SCIE.RD.P6","","","","","","","","","","","","","","","","","","","","","","","","","","","","","","","","","","","","","","","","","","","","","","","","","","","","","","","","","",
"Dominica","DMA","Researchers in R&D (per million people)","SP.POP.SCIE.RD.P6","","","","","","","","","","","","","","","","","","","","","","","","","","","","","","","","","","","","","","","","","","","","","","","","","","","","","","","","","",
"Denmark","DNK","Researchers in R&D (per million people)","SP.POP.SCIE.RD.P6","","","","","","","","","","","","","","","","","","","","","","","","","","","","","","","","","","","","","3178.10864257813","3318.56201171875","","3561.48510742188","","3632.88061523438","4758.171875","4622.36767578125","4846.94677734375","5201.29443359375","5301.9462890625","5519.3154296875","6496.76318359375","6660.1435546875","6743.89794921875","7025.99462890625","7155.95458984375","7168.171875","7198.1806640625","","",
"Dominican Republic","DOM","Researchers in R&D (per million people)","SP.POP.SCIE.RD.P6","","","","","","","","","","","","","","","","","","","","","","","","","","","","","","","","","","","","","","","","","","","","","","","","","","","","","","","","","",
"Algeria","DZA","Researchers in R&D (per million people)","SP.POP.SCIE.RD.P6","","","","","","","","","","","","","","","","","","","","","","","","","","","","","","","","","","","","","","","","","","","","","","168.120086669922","","","","","","","","","","","",
"East Asia & Pacific (excluding high income)","EAP","Researchers in R&D (per million people)","SP.POP.SCIE.RD.P6","","","","","","","","","","","","","","","","","","","","","","","","","","","","","","","","","","","","","421.022478249281","437.950013010873","369.313601341213","394.936611010196","495.762861807271","501.046816648284","568.740972906078","615.524824250953","709.173361104789","786.170337622647","921.25357933184","984.149481114543","1188.2371012839","700.950958617768","914.573709192539","916.345288757364","1051.81649636062","1028.850878489","1125.82863261709","","",
"Early-demographic dividend","EAR","Researchers in R&D (per million people)","SP.POP.SCIE.RD.P6","","","","","","","","","","","","","","","","","","","","","","","","","","","","","","","","","","","","","","","","","","","","","","175.923250592816","","","","","","","","","","","",
"East Asia & Pacific","EAS","Researchers in R&D (per million people)","SP.POP.SCIE.RD.P6","","","","","","","","","","","","","","","","","","","","","","","","","","","","","","","","","","","","","898.117299929581","882.79177376169","871.59671592564","861.08185882775","938.658800193776","914.746121085446","1026.41672358627","1070.09825903509","1223.78746615124","1253.42096023522","1457.19827020133","1454.24928050446","1692.11844041713","1129.47245332623","1475.1491617122","1404.02497601195","1575.38644741024","1551.63725542539","1650.25810639497","","",
"Europe & Central Asia (excluding high income)","ECA","Researchers in R&D (per million people)","SP.POP.SCIE.RD.P6","","","","","","","","","","","","","","","","","","","","","","","","","","","","","","","","","","","","","","","","","","","","","","","2049.87247368091","1979.70561602084","1936.05180260446","1923.31327406251","1936.36459038861","1832.96693344618","1956.41822467439","1947.17547555354","2007.8409767162","","",
"Europe & Central Asia","ECS","Researchers in R&D (per million people)","SP.POP.SCIE.RD.P6","","","","","","","","","","","","","","","","","","","","","","","","","","","","","","","","","","","","","2283.63143818156","2265.63380956833","2213.05223528006","2309.61088458451","2359.22322923426","2436.90705021924","2450.36033129149","2518.5757962306","2600.71124910764","2651.73329673525","2641.50376548976","2636.12033844578","2709.65919828141","2734.75980931108","2791.57916759544","2739.95407248769","2891.80894295447","2926.68132052547","2995.07325388089","","",
"Ecuador","ECU","Researchers in R&D (per million people)","SP.POP.SCIE.RD.P6","","","","","","","","","","","","","","","","","","","","","","","","","","","","","","","","","","","","","84.1358871459961","78.1551971435547","83.3615112304688","","","39.9914283752441","42.0744781494141","48.5341911315918","","","70.5208969116211","65.0453262329102","103.233062744141","118.349822998047","141.300018310547","180.295440673828","","","","","",
"Egypt, Arab Rep.","EGY","Researchers in R&D (per million people)","SP.POP.SCIE.RD.P6","","","","","","","","","","","","","","","","","","","","","","","","","","","","","","","","","","","","","","","","","","","","","","","","636.077453613281","442.269134521484","437.057830810547","496.728485107422","496.116180419922","521.739807128906","543.88623046875","681.611694335938","","",
"Euro area","EMU","Researchers in R&D (per million people)","SP.POP.SCIE.RD.P6","","","","","","","","","","","","","","","","","","","","","","","","","","","","","","","","","","","","","2132.58576116694","2146.47683201411","2239.51929884642","2300.62547067795","2452.99308319227","2481.58703619842","2577.77789315289","2590.46862666815","2731.18099372951","2764.29927126485","2884.66213385934","2998.07893917172","3177.25573256755","3254.00014930971","3364.68246523246","3406.65926960843","3519.75209338247","3564.15259660677","3574.16249187554","","",
"Eritrea","ERI","Researchers in R&D (per million people)","SP.POP.SCIE.RD.P6","","","","","","","","","","","","","","","","","","","","","","","","","","","","","","","","","","","","","","","","","","","","","","","","","","","","","","","","","",
"Spain","ESP","Researchers in R&D (per million people)","SP.POP.SCIE.RD.P6","","","","","","","","","","","","","","","","","","","","","","","","","","","","","","","","","","","","","1294.74548339844","1347.20227050781","1501.03149414063","1524.24011230469","1881.47424316406","1942.26513671875","1992.51062011719","2178.2724609375","2339.60546875","2501.90161132813","2599.99536132813","2712.35009765625","2858.90063476563","2890.22241210938","2889.45678710938","2788.25634765625","2718.38427734375","2652.55102539063","2642.3720703125","","",
"Estonia","EST","Researchers in R&D (per million people)","SP.POP.SCIE.RD.P6","","","","","","","","","","","","","","","","","","","","","","","","","","","","","","","","","","","","","","","2117.48120117188","2138.44921875","1905.44934082031","1926.34619140625","2212.2822265625","2197.55395507813","2470.75830078125","2457.10205078125","2603.43920898438","2745.05981445313","2969.53369140625","3229.01049804688","3060.60620117188","3396.66333007813","3460.62060546875","3338.51000976563","3284.44775390625","","",
"Ethiopia","ETH","Researchers in R&D (per million people)","SP.POP.SCIE.RD.P6","","","","","","","","","","","","","","","","","","","","","","","","","","","","","","","","","","","","","","","","","","","","","","20.989860534668","","19.9648990631104","","","42.2672805786133","","","45.1226387023926","","","",
"European Union","EUU","Researchers in R&D (per million people)","SP.POP.SCIE.RD.P6","","","","","","","","","","","","","","","","","","","","","","","","","","","","","","","","","","","","","2030.86194379401","2084.91922304597","2109.6726852798","2226.32804318887","2269.15957848969","2389.11752996615","2455.76411445792","2559.07926987268","2688.97384750987","2788.31283462527","2875.17367288324","2937.83024289652","3081.01253893661","3134.70111025213","3221.46052797141","3242.08320707803","3341.97544207653","3438.95791024824","3480.79646833294","","",
"Fragile and conflict affected situations","FCS","Researchers in R&D (per million people)","SP.POP.SCIE.RD.P6","","","","","","","","","","","","","","","","","","","","","","","","","","","","","","","","","","","","","","","","","","","","","","","","","","","","","","","","","",
"Finland","FIN","Researchers in R&D (per million people)","SP.POP.SCIE.RD.P6","","","","","","","","","","","","","","","","","","","","","","","","","","","","","","","","","","","","","","5151.61669921875","5905.13232421875","6326.68896484375","6731.88232421875","7109.79541015625","7428.0126953125","8002.6083984375","7841.798828125","7544.64794921875","7673.0556640625","7373.23974609375","7692.4423828125","7648.88134765625","7717.47509765625","7413.634765625","7460.1025390625","7187.92626953125","6985.9443359375","","",
"Fiji","FJI","Researchers in R&D (per million people)","SP.POP.SCIE.RD.P6","","","","","","","","","","","","","","","","","","","","","","","","","","","","","","","","","","","","","","","","","","","","","","","","","","","","","","","","","",
"France","FRA","Researchers in R&D (per million people)","SP.POP.SCIE.RD.P6","","","","","","","","","","","","","","","","","","","","","","","","","","","","","","","","","","","","","2649.18212890625","2638.2822265625","2645.3837890625","2714.0947265625","2897.42651367188","2970.46240234375","3103.08056640625","3188.46215820313","3325.36450195313","3306.68139648438","3418.13208007813","3580.19482421875","3653.9921875","3741.42211914063","3867.99291992188","3939.51147460938","4073.40576171875","4169.84814453125","4201.05517578125","","",
"Faroe Islands","FRO","Researchers in R&D (per million people)","SP.POP.SCIE.RD.P6","","","","","","","","","","","","","","","","","","","","","","","","","","","","","","","","","","","","","","","","","","","","1780.24340820313","","","","","","","","","","","","","",
"Micronesia, Fed. Sts.","FSM","Researchers in R&D (per million people)","SP.POP.SCIE.RD.P6","","","","","","","","","","","","","","","","","","","","","","","","","","","","","","","","","","","","","","","","","","","","","","","","","","","","","","","","","",
"Gabon","GAB","Researchers in R&D (per million people)","SP.POP.SCIE.RD.P6","","","","","","","","","","","","","","","","","","","","","","","","","","","","","","","","","","","","","","","","","","","","","","","","","","","","","","","","","",
"United Kingdom","GBR","Researchers in R&D (per million people)","SP.POP.SCIE.RD.P6","","","","","","","","","","","","","","","","","","","","","","","","","","","","","","","","","","","","","2492.02294921875","2499.68334960938","2697.05981445313","2856.79052734375","2897.28344726563","3082.99194335938","3341.63330078125","3638.88525390625","3825.95703125","4128.86962890625","4188.19140625","4131.53369140625","4083.85888671875","4116.3505859375","4091.17553710938","3979.38427734375","4029.2783203125","4185.689453125","4252.3623046875","","",
"Georgia","GEO","Researchers in R&D (per million people)","SP.POP.SCIE.RD.P6","","","","","","","","","","","","","","","","","","","","","","","","","","","","","","","","","","","","","","","","","","","","","","","","","","","","","","561.634399414063","585.410705566406","","",
"Ghana","GHA","Researchers in R&D (per million people)","SP.POP.SCIE.RD.P6","","","","","","","","","","","","","","","","","","","","","","","","","","","","","","","","","","","","","","","","","","","","","","","","17.4138507843018","","","38.6795883178711","","","","","","",
"Gibraltar","GIB","Researchers in R&D (per million people)","SP.POP.SCIE.RD.P6","","","","","","","","","","","","","","","","","","","","","","","","","","","","","","","","","","","","","","","","","","","","","","","","","","","","","","","","","",
"Guinea","GIN","Researchers in R&D (per million people)","SP.POP.SCIE.RD.P6","","","","","","","","","","","","","","","","","","","","","","","","","","","","","","","","","","","","","","","","","","","","","","","","","","","","","","","","","",
"Gambia, The","GMB","Researchers in R&D (per million people)","SP.POP.SCIE.RD.P6","","","","","","","","","","","","","","","","","","","","","","","","","","","","","","","","","","","","","","","","","","","","","","","","","97.6840133666992","109.219673156738","","33.5029602050781","","","","","",
"Guinea-Bissau","GNB","Researchers in R&D (per million people)","SP.POP.SCIE.RD.P6","","","","","","","","","","","","","","","","","","","","","","","","","","","","","","","","","","","","","","","","","","","","","","","","","","","","","","","","","",
"Equatorial Guinea","GNQ","Researchers in R&D (per million people)","SP.POP.SCIE.RD.P6","","","","","","","","","","","","","","","","","","","","","","","","","","","","","","","","","","","","","","","","","","","","","","","","","","","","","","","","","",
"Greece","GRC","Researchers in R&D (per million people)","SP.POP.SCIE.RD.P6","","","","","","","","","","","","","","","","","","","","","","","","","","","","","","","","","","","","","","1015.39239501953","","1351.66162109375","","1307.94348144531","","1417.21166992188","","1769.95324707031","1793.70336914063","1887.82946777344","","","","2212.33276367188","2232.2890625","2643.85400390625","2715.9072265625","","",
"Grenada","GRD","Researchers in R&D (per million people)","SP.POP.SCIE.RD.P6","","","","","","","","","","","","","","","","","","","","","","","","","","","","","","","","","","","","","","","","","","","","","","","","","","","","","","","","","",
"Greenland","GRL","Researchers in R&D (per million people)","SP.POP.SCIE.RD.P6","","","","","","","","","","","","","","","","","","","","","","","","","","","","","","","","","","","","","","","","","","536.059753417969","539.498352050781","646.901245117188","701.464477539063","","","","","","","","","","","","",
"Guatemala","GTM","Researchers in R&D (per million people)","SP.POP.SCIE.RD.P6","","","","","","","","","","","","","","","","","","","","","","","","","","","","","","","","","","","","","","","","","","","","","","29.4307193756104","24.0918502807617","33.8463897705078","38.2797203063965","38.4240989685059","24.639799118042","24.5858898162842","26.7425594329834","","","","",
"Guam","GUM","Researchers in R&D (per million people)","SP.POP.SCIE.RD.P6","","","","","","","","","","","","","","","","","","","","","","","","","","","","","","","","","","","","","","","","","","","","285.129547119141","316.067596435547","303.028381347656","","","","","","","","","","","",
"Guyana","GUY","Researchers in R&D (per million people)","SP.POP.SCIE.RD.P6","","","","","","","","","","","","","","","","","","","","","","","","","","","","","","","","","","","","","","","","","","","","","","","","","","","","","","","","","",
"High income","HIC","Researchers in R&D (per million people)","SP.POP.SCIE.RD.P6","","","","","","","","","","","","","","","","","","","","","","","","","","","","","","","","","","","","","2853.45931106369","2893.53564270072","2977.52003436741","3045.92116247956","3118.34136871776","3220.13665690434","3256.45942627895","3421.07227281127","3479.48832722825","3551.91726038655","3658.50851117549","3645.3512150733","3752.63008107301","3814.65424568455","3835.68013785307","3911.49524453865","3974.63830982964","","","","",
"Hong Kong SAR, China","HKG","Researchers in R&D (per million people)","SP.POP.SCIE.RD.P6","","","","","","","","","","","","","","","","","","","","","","","","","","","","","","","","","","","","","","","1039.53625488281","1184.30859375","1139.23461914063","1338.25048828125","1552.06127929688","1970.26110839844","2133.09399414063","2634.13842773438","2673.05810546875","2842.59838867188","2669.89501953125","2774.82177734375","2942.98901367188","2893.2978515625","2990.20336914063","3135.98828125","","","",
"Honduras","HND","Researchers in R&D (per million people)","SP.POP.SCIE.RD.P6","","","","","","","","","","","","","","","","","","","","","","","","","","","","","","","","","","","","","","","","","","","","","","","","","","","","","","","","","",
"Heavily indebted poor countries (HIPC)","HPC","Researchers in R&D (per million people)","SP.POP.SCIE.RD.P6","","","","","","","","","","","","","","","","","","","","","","","","","","","","","","","","","","","","","","","","","","","","","","","","","","","","","","","","","",
"Croatia","HRV","Researchers in R&D (per million people)","SP.POP.SCIE.RD.P6","","","","","","","","","","","","","","","","","","","","","","","","","","","","","","","","","","","","","","","1054.37939453125","1239.36950683594","1529.33483886719","1509.82495117188","1949.615234375","1334.9912109375","1628.26147460938","1308.11486816406","1322.64538574219","1406.6650390625","1541.61303710938","1600.54541015625","1645.80639648438","1591.55834960938","1560.05981445313","1528.50390625","1437.31469726563","","",
"Haiti","HTI","Researchers in R&D (per million people)","SP.POP.SCIE.RD.P6","","","","","","","","","","","","","","","","","","","","","","","","","","","","","","","","","","","","","","","","","","","","","","","","","","","","","","","","","",
"Hungary","HUN","Researchers in R&D (per million people)","SP.POP.SCIE.RD.P6","","","","","","","","","","","","","","","","","","","","","","","","","","","","","","","","","","","","","1007.07543945313","1081.73352050781","1140.82189941406","1226.84729003906","1409.02197265625","1438.41027832031","1471.75952148438","1496.82434082031","1473.13293457031","1572.70764160156","1741.03967285156","1728.01684570313","1841.06604003906","1999.41186523438","2131.08154296875","2304.47045898438","2393.67358398438","2522.845703125","2650.57836914063","","",
"IBRD only","IBD","Researchers in R&D (per million people)","SP.POP.SCIE.RD.P6","","","","","","","","","","","","","","","","","","","","","","","","","","","","","","","","","","","","","516.992030836187","","464.087838629584","","499.887617780631","","","","","623.65493200154","","","","","683.112906272176","","","","","","",
"IDA & IBRD total","IBT","Researchers in R&D (per million people)","SP.POP.SCIE.RD.P6","","","","","","","","","","","","","","","","","","","","","","","","","","","","","","","","","","","","","","","","","","","","","","579.973180335465","","","","","628.357641711615","","","","","","",
"IDA total","IDA","Researchers in R&D (per million people)","SP.POP.SCIE.RD.P6","","","","","","","","","","","","","","","","","","","","","","","","","","","","","","","","","","","","","","","","","","","","","","","","","","","","","","","","","",
"IDA blend","IDB","Researchers in R&D (per million people)","SP.POP.SCIE.RD.P6","","","","","","","","","","","","","","","","","","","","","","","","","","","","","","","","","","","","","","","","","","","","","","","","","","","","","","","","","",
"Indonesia","IDN","Researchers in R&D (per million people)","SP.POP.SCIE.RD.P6","","","","","","","","","","","","","","","","","","","","","","","","","","","","","","","","","","","","","","","","","212.649658203125","199.218185424805","","","","","","","","89.5267028808594","","","","","","","",
"IDA only","IDX","Researchers in R&D (per million people)","SP.POP.SCIE.RD.P6","","","","","","","","","","","","","","","","","","","","","","","","","","","","","","","","","","","","","","","","","","","","","","","","","","","","","","","","","",
"Isle of Man","IMN","Researchers in R&D (per million people)","SP.POP.SCIE.RD.P6","","","","","","","","","","","","","","","","","","","","","","","","","","","","","","","","","","","","","","","","","","","","","","","","","","","","","","","","","",
"India","IND","Researchers in R&D (per million people)","SP.POP.SCIE.RD.P6","","","","","","","","","","","","","","","","","","","","","","","","","","","","","","","","","","","","","152.48388671875","","115.631309509277","","110.050392150879","","","","","135.299697875977","","","","","156.638046264648","","","","","","",
"Not classified","INX","Researchers in R&D (per million people)","SP.POP.SCIE.RD.P6","","","","","","","","","","","","","","","","","","","","","","","","","","","","","","","","","","","","","","","","","","","","","","","","","","","","","","","","","",
"Ireland","IRL","Researchers in R&D (per million people)","SP.POP.SCIE.RD.P6","","","","","","","","","","","","","","","","","","","","","","","","","","","","","","","","","","","","","1747.72058105469","1901.61499023438","2061.87353515625","2079.013671875","2216.79956054688","2293.62255859375","2362.7763671875","2484.29467773438","2672.47729492188","2756.38134765625","2834.69140625","2892.64575195313","3236.94873046875","3112.57641601563","3070.169921875","3281.74047851563","3421.90478515625","3605.94116210938","3732.0615234375","","",
"Iran, Islamic Rep.","IRN","Researchers in R&D (per million people)","SP.POP.SCIE.RD.P6","","","","","","","","","","","","","","","","","","","","","","","","","","","","","","","","","","","","","","","","","","","","","","","712.686767578125","","748.207397460938","712.216186523438","738.188659667969","","691.414001464844","","","","",
"Iraq","IRQ","Researchers in R&D (per million people)","SP.POP.SCIE.RD.P6","","","","","","","","","","","","","","","","","","","","","","","","","","","","","","","","","","","","","","","","","","","","","","","","370.7138671875","381.026489257813","401.993499755859","416.254211425781","425.47705078125","","","67.8700485229492","","",
"Iceland","ISL","Researchers in R&D (per million people)","SP.POP.SCIE.RD.P6","","","","","","","","","","","","","","","","","","","","","","","","","","","","","","","","","","","","","","4915.3583984375","5132.283203125","5666.7958984375","","6546.330078125","","6614.35888671875","","7261.79052734375","7975.61865234375","7230.48974609375","7443.3173828125","7969.49755859375","","7034.544921875","","5993.04833984375","","","",
"Israel","ISR","Researchers in R&D (per million people)","SP.POP.SCIE.RD.P6","","","","","","","","","","","","","","","","","","","","","","","","","","","","","","","","","","","","","","","","","","","","","","","","","","","","7296.25341796875","8255.404296875","","","","",
"Italy","ITA","Researchers in R&D (per million people)","SP.POP.SCIE.RD.P6","","","","","","","","","","","","","","","","","","","","","","","","","","","","","","","","","","","","","1338.91137695313","1151.625","1146.34143066406","1141.36437988281","1156.83947753906","1162.88269042969","1235.64587402344","1212.583984375","1234.17578125","1406.28405761719","1500.88073730469","1572.57873535156","1614.42236328125","1712.54418945313","1735.65625","1778.70458984375","1853.01354980469","1943.46948242188","2006.68469238281","","",
"Jamaica","JAM","Researchers in R&D (per million people)","SP.POP.SCIE.RD.P6","","","","","","","","","","","","","","","","","","","","","","","","","","","","","","","","","","","","","","","","","","","","","","","","","","","","","","","","","",
"Jordan","JOR","Researchers in R&D (per million people)","SP.POP.SCIE.RD.P6","","","","","","","","","","","","","","","","","","","","","","","","","","","","","","","","","","","","","","","1966.96667480469","","","","","","","","","","","","","","","","","","",
"Japan","JPN","Researchers in R&D (per million people)","SP.POP.SCIE.RD.P6","","","","","","","","","","","","","","","","","","","","","","","","","","","","","","","","","","","","","4947.04052734375","5001.5986328125","5211.65283203125","5251.07177734375","5151.125","5183.763671875","4934.94970703125","5156.09375","5156.828125","5360.19580078125","5386.994140625","5377.68896484375","5157.7666015625","5147.8359375","5152.63134765625","5160.20458984375","5083.74951171875","5201.31640625","5386.15380859375","","",
"Kazakhstan","KAZ","Researchers in R&D (per million people)","SP.POP.SCIE.RD.P6","","","","","","","","","","","","","","","","","","","","","","","","","","","","","","","","","","","","","","","","","","","","","","","","405.198455810547","375.220703125","347.426788330078","369.207214355469","384.431732177734","609.638122558594","734.054565429688","","","",
"Kenya","KEN","Researchers in R&D (per million people)","SP.POP.SCIE.RD.P6","","","","","","","","","","","","","","","","","","","","","","","","","","","","","","","","","","","","","","","","","","","","","","","","56.5199890136719","","","230.731201171875","","","","","","",
"Kyrgyz Republic","KGZ","Researchers in R&D (per million people)","SP.POP.SCIE.RD.P6","","","","","","","","","","","","","","","","","","","","","","","","","","","","","","","","","","","","","","","","","","","","","","","","","","","","","","","","","",
"Cambodia","KHM","Researchers in R&D (per million people)","SP.POP.SCIE.RD.P6","","","","","","","","","","","","","","","","","","","","","","","","","","","","","","","","","","","","","","","","","","","17.5800590515137","","","","","","","","","","","","","","",
"Kiribati","KIR","Researchers in R&D (per million people)","SP.POP.SCIE.RD.P6","","","","","","","","","","","","","","","","","","","","","","","","","","","","","","","","","","","","","","","","","","","","","","","","","","","","","","","","","",
"St. Kitts and Nevis","KNA","Researchers in R&D (per million people)","SP.POP.SCIE.RD.P6","","","","","","","","","","","","","","","","","","","","","","","","","","","","","","","","","","","","","","","","","","","","","","","","","","","","","","","","","",
"Korea, Rep.","KOR","Researchers in R&D (per million people)","SP.POP.SCIE.RD.P6","","","","","","","","","","","","","","","","","","","","","","","","","","","","","","","","","","","","","2211.22680664063","2267.02880859375","2029.42712402344","2182.82934570313","2345.3525390625","2932.46264648438","3034.38696289063","3215.21142578125","3301.31420898438","3777.10668945313","4175.013671875","4603.83642578125","4867.8134765625","5000.85205078125","5380.275390625","5853.3291015625","6361.6015625","6456.6259765625","6899.0029296875","","",
"Kosovo","KSV","Researchers in R&D (per million people)","SP.POP.SCIE.RD.P6","","","","","","","","","","","","","","","","","","","","","","","","","","","","","","","","","","","","","","","","","","","","","","","","","","","","","","","","","",
"Kuwait","KWT","Researchers in R&D (per million people)","SP.POP.SCIE.RD.P6","","","","","","","","","","","","","","","","","","","","","","","","","","","","","","","","","","","","","","197.478912353516","186.836837768555","175.916488647461","167.921752929688","168.842346191406","169.423889160156","170.802093505859","172.179489135742","169.640975952148","164.051193237305","185.929916381836","148.967391967773","139.52311706543","133.029449462891","126.883926391602","128.378295898438","","","","",
"Latin America & Caribbean (excluding high income)","LAC","Researchers in R&D (per million people)","SP.POP.SCIE.RD.P6","","","","","","","","","","","","","","","","","","","","","","","","","","","","","","","","","","","","","","","","","328.94344499657","326.064947055561","352.776938904925","380.98534223474","428.922370585575","450.691113652735","440.821453721549","459.534360383364","465.942869633849","497.301521939045","515.663120490262","","","","","","",
"Lao PDR","LAO","Researchers in R&D (per million people)","SP.POP.SCIE.RD.P6","","","","","","","","","","","","","","","","","","","","","","","","","","","","","","","","","","","","","","","","","","","15.8114500045776","","","","","","","","","","","","","","",
"Lebanon","LBN","Researchers in R&D (per million people)","SP.POP.SCIE.RD.P6","","","","","","","","","","","","","","","","","","","","","","","","","","","","","","","","","","","","","","","","","","","","","","","","","","","","","","","","","",
"Liberia","LBR","Researchers in R&D (per million people)","SP.POP.SCIE.RD.P6","","","","","","","","","","","","","","","","","","","","","","","","","","","","","","","","","","","","","","","","","","","","","","","","","","","","","","","","","",
"Libya","LBY","Researchers in R&D (per million people)","SP.POP.SCIE.RD.P6","","","","","","","","","","","","","","","","","","","","","","","","","","","","","","","","","","","","","","","","","","","","","","","","","","","","","","","","","",
"St. Lucia","LCA","Researchers in R&D (per million people)","SP.POP.SCIE.RD.P6","","","","","","","","","","","","","","","","","","","","","","","","","","","","","","","","","","","","","","","","","","","","","","","","","","","","","","","","","",
"Latin America & Caribbean","LCN","Researchers in R&D (per million people)","SP.POP.SCIE.RD.P6","","","","","","","","","","","","","","","","","","","","","","","","","","","","","","","","","","","","","","","","","328.511312142029","326.064947055561","352.936959649587","380.98534223474","428.922370585575","450.691113652735","440.821453721549","455.210512437318","460.916240758194","490.103546384742","509.193610847694","","","","","","",
"Least developed countries: UN classification","LDC","Researchers in R&D (per million people)","SP.POP.SCIE.RD.P6","","","","","","","","","","","","","","","","","","","","","","","","","","","","","","","","","","","","","","","","","","","","","","","","","","","","","","","","","",
"Low income","LIC","Researchers in R&D (per million people)","SP.POP.SCIE.RD.P6","","","","","","","","","","","","","","","","","","","","","","","","","","","","","","","","","","","","","","","","","","","","","","","","","","","","","","","","","",
"Liechtenstein","LIE","Researchers in R&D (per million people)","SP.POP.SCIE.RD.P6","","","","","","","","","","","","","","","","","","","","","","","","","","","","","","","","","","","","","","","","","","","","","","","","","","","","","","","","","",
"Sri Lanka","LKA","Researchers in R&D (per million people)","SP.POP.SCIE.RD.P6","","","","","","","","","","","","","","","","","","","","","","","","","","","","","","","","","","","","","187.661270141602","","","","135.063583374023","","","","138.276092529297","","93.176139831543","","98.8493270874023","","105.933708190918","","","110.905586242676","","","",
"Lower middle income","LMC","Researchers in R&D (per million people)","SP.POP.SCIE.RD.P6","","","","","","","","","","","","","","","","","","","","","","","","","","","","","","","","","","","","","","","","","","","","","","","","","","","","","","","","","",
"Low & middle income","LMY","Researchers in R&D (per million people)","SP.POP.SCIE.RD.P6","","","","","","","","","","","","","","","","","","","","","","","","","","","","","","","","","","","","","","","","","","","","","","568.254690536133","","","","","618.486833133644","","","","","","",
"Lesotho","LSO","Researchers in R&D (per million people)","SP.POP.SCIE.RD.P6","","","","","","","","","","","","","","","","","","","","","","","","","","","","","","","","","","","","","","","","","","","6.36439990997314","7.89981985092163","10.4600200653076","","","","","23.0102996826172","","5.85355997085571","","","","","",
"Late-demographic dividend","LTE","Researchers in R&D (per million people)","SP.POP.SCIE.RD.P6","","","","","","","","","","","","","","","","","","","","","","","","","","","","","","","","","","","","","772.305191080623","789.909445199342","729.563694744001","739.799432188879","793.614932453454","815.059910237375","822.747201679239","869.250255343745","909.774708675301","1003.38233105724","1056.82150273859","1143.68814921625","1226.90205093667","996.040414061316","1043.5876464366","1135.33740392095","1203.23253108692","1232.11484208959","1316.87970742723","","",
"Lithuania","LTU","Researchers in R&D (per million people)","SP.POP.SCIE.RD.P6","","","","","","","","","","","","","","","","","","","","","","","","","","","","","","","","","","","","","2090.96533203125","2182.42016601563","2379.91259765625","2429.15234375","2230.68505859375","2334.54174804688","1842.88403320313","1939.50146484375","2178.4189453125","2284.2919921875","2414.13696289063","2593.81469726563","2619.10522460938","2676.17700195313","2753.58764648438","2732.37133789063","2659.70849609375","2887.162109375","2961.46655273438","","",
"Luxembourg","LUX","Researchers in R&D (per million people)","SP.POP.SCIE.RD.P6","","","","","","","","","","","","","","","","","","","","","","","","","","","","","","","","","","","","","","","","","3773.38598632813","","","4357.05029296875","4494.650390625","4864.0703125","4412.453125","4635.72119140625","4715.93310546875","4828.94970703125","5144.982421875","5444.294921875","4338.9130859375","4594.54736328125","4577.29736328125","","",
"Latvia","LVA","Researchers in R&D (per million people)","SP.POP.SCIE.RD.P6","","","","","","","","","","","","","","","","","","","","","","","","","","","","","","","","","","","","","1154.86071777344","1072.03234863281","1058.95263671875","1096.67028808594","1608.27770996094","1491.16577148438","1489.59887695313","1400.55773925781","1472.79382324219","1473.36169433594","1789.3642578125","1914.45251464844","2038.04187011719","1710.19128417969","1863.65209960938","1912.62036132813","1916.45922851563","1801.81787109375","1884.02868652344","","",
"Macao SAR, China","MAC","Researchers in R&D (per million people)","SP.POP.SCIE.RD.P6","","","","","","","","","","","","","","","","","","","","","","","","","","","","","","","","","","","","","","","","","","260.906494140625","236.391723632813","325.898376464844","532.95068359375","635.4814453125","572.40771484375","396.939697265625","394.658508300781","575.176696777344","654.21435546875","615.165649414063","744.940063476563","928.253540039063","1053.40930175781","","",
"St. Martin (French part)","MAF","Researchers in R&D (per million people)","SP.POP.SCIE.RD.P6","","","","","","","","","","","","","","","","","","","","","","","","","","","","","","","","","","","","","","","","","","","","","","","","","","","","","","","","","",
"Morocco","MAR","Researchers in R&D (per million people)","SP.POP.SCIE.RD.P6","","","","","","","","","","","","","","","","","","","","","","","","","","","","","","","","","","","","","","","","","","","","","","","650.735290527344","643.764892578125","660.371337890625","","725.058837890625","851.900634765625","856.921447753906","","","","",
"Monaco","MCO","Researchers in R&D (per million people)","SP.POP.SCIE.RD.P6","","","","","","","","","","","","","","","","","","","","","","","","","","","","","","","","","","","","","","","","","","","","","","","","","","","","","","","","","",
"Moldova","MDA","Researchers in R&D (per million people)","SP.POP.SCIE.RD.P6","","","","","","","","","","","","","","","","","","","","","","","","","","","","","","","","","","","","","","","","","","","","656.089660644531","654.04638671875","621.255920410156","604.876037597656","627.837158203125","713.422546386719","698.518249511719","663.241821289063","678.550354003906","671.451599121094","643.884155273438","651.959289550781","","",
"Madagascar","MDG","Researchers in R&D (per million people)","SP.POP.SCIE.RD.P6","","","","","","","","","","","","","","","","","","","","","","","","","","","","","","","","","","","","","","","14.4013795852661","14.8727502822876","15.2431201934814","50.6289596557617","47.0840492248535","47.2013282775879","47.7387008666992","48.0580101013184","47.7527809143066","48.3712005615234","46.6708183288574","45.375358581543","52.1358795166016","51.0174293518066","","","","","",
"Maldives","MDV","Researchers in R&D (per million people)","SP.POP.SCIE.RD.P6","","","","","","","","","","","","","","","","","","","","","","","","","","","","","","","","","","","","","","","","","","","","","","","","","","","","","","","","","",
"Middle East & North Africa","MEA","Researchers in R&D (per million people)","SP.POP.SCIE.RD.P6","","","","","","","","","","","","","","","","","","","","","","","","","","","","","","","","","","","","","","","","","","","","","","","","","","","","","","","","","",
"Mexico","MEX","Researchers in R&D (per million people)","SP.POP.SCIE.RD.P6","","","","","","","","","","","","","","","","","","","","","","","","","","","","","","","","","","","","","206.837661743164","218.706344604492","209.088821411133","216.053527832031","216.207611083984","224.389923095703","294.871215820313","313.953582763672","366.938842773438","400.208099365234","325.579742431641","335.250213623047","327.372192382813","367.866973876953","311.839538574219","322.542205810547","","","","","",
"Marshall Islands","MHL","Researchers in R&D (per million people)","SP.POP.SCIE.RD.P6","","","","","","","","","","","","","","","","","","","","","","","","","","","","","","","","","","","","","","","","","","","","","","","","","","","","","","","","","",
"Middle income","MIC","Researchers in R&D (per million people)","SP.POP.SCIE.RD.P6","","","","","","","","","","","","","","","","","","","","","","","","","","","","","","","","","","","","","","","","","483.871399541269","","","","","585.784480304841","","","","","659.889277960779","","","","","","",
"Macedonia, FYR","MKD","Researchers in R&D (per million people)","SP.POP.SCIE.RD.P6","","","","","","","","","","","","","","","","","","","","","","","","","","","","","","","","","","","","","","621.526428222656","692.959838867188","678.216369628906","658.532043457031","613.380126953125","573.764770507813","549.662902832031","524.419616699219","544.815368652344","518.724365234375","505.9892578125","470.985260009766","433.722534179688","534.269287109375","446.645690917969","613.259765625","676.425048828125","838.446228027344","","",
"Mali","MLI","Researchers in R&D (per million people)","SP.POP.SCIE.RD.P6","","","","","","","","","","","","","","","","","","","","","","","","","","","","","","","","","","","","","","","","","","","","","","","38.5426216125488","","","","29.1746292114258","","","","","","",
"Malta","MLT","Researchers in R&D (per million people)","SP.POP.SCIE.RD.P6","","","","","","","","","","","","","","","","","","","","","","","","","","","","","","","","","","","","","","","","","","","695.388977050781","702.5224609375","1104.39575195313","1206.26354980469","1302.85180664063","1220.61352539063","1331.22705078125","1206.4228515625","1443.95043945313","1804.02099609375","2018.78747558594","2056.40356445313","2132.99243164063","","",
"Myanmar","MMR","Researchers in R&D (per million people)","SP.POP.SCIE.RD.P6","","","","","","","","","","","","","","","","","","","","","","","","","","","","","","","","","","","","","","7.16837978363037","7.22431993484497","10.8264303207397","","11.909779548645","17.1904106140137","","","","","","","","","","","","","","",
"Middle East & North Africa (excluding high income)","MNA","Researchers in R&D (per million people)","SP.POP.SCIE.RD.P6","","","","","","","","","","","","","","","","","","","","","","","","","","","","","","","","","","","","","","","","","","","","","","","","","592.76454034075","","631.440733508701","","","","","","",
"Montenegro","MNE","Researchers in R&D (per million people)","SP.POP.SCIE.RD.P6","","","","","","","","","","","","","","","","","","","","","","","","","","","","","","","","","","","","","","","","","","","","","","","","","","","","760.084533691406","","646.764282226563","673.285461425781","","",
"Mongolia","MNG","Researchers in R&D (per million people)","SP.POP.SCIE.RD.P6","","","","","","","","","","","","","","","","","","","","","","","","","","","","","","","","","","","","","","","","","","","","","","","","","","","","","","","","","",
"Northern Mariana Islands","MNP","Researchers in R&D (per million people)","SP.POP.SCIE.RD.P6","","","","","","","","","","","","","","","","","","","","","","","","","","","","","","","","","","","","","","","","","","","","","","","","","","","","","","","","","",
"Mozambique","MOZ","Researchers in R&D (per million people)","SP.POP.SCIE.RD.P6","","","","","","","","","","","","","","","","","","","","","","","","","","","","","","","","","","","","","","","","","","","","","","","15.5029096603394","","19.2999591827393","11.526650428772","37.5117301940918","","","","","","",
"Mauritania","MRT","Researchers in R&D (per million people)","SP.POP.SCIE.RD.P6","","","","","","","","","","","","","","","","","","","","","","","","","","","","","","","","","","","","","","","","","","","","","","","","","","","","","","","","","",
"Mauritius","MUS","Researchers in R&D (per million people)","SP.POP.SCIE.RD.P6","","","","","","","","","","","","","","","","","","","","","","","","","","","","","","","","","","","","","","","","","","","","","","","","","","","","","181.112335205078","","","","",
"Malawi","MWI","Researchers in R&D (per million people)","SP.POP.SCIE.RD.P6","","","","","","","","","","","","","","","","","","","","","","","","","","","","","","","","","","","","","","","","","","","","","","","","30.0554695129395","","","49.5672798156738","","","","","","",
"Malaysia","MYS","Researchers in R&D (per million people)","SP.POP.SCIE.RD.P6","","","","","","","","","","","","","","","","","","","","","","","","","","","","","","","","","","","","","89.0838012695313","","152.785598754883","","274.243988037109","","293.2958984375","","500.137664794922","","369.123199462891","","600.958862304688","1070.39379882813","1467.07336425781","1653.38427734375","1793.54821777344","","2051.73583984375","","",
"North America","NAC","Researchers in R&D (per million people)","SP.POP.SCIE.RD.P6","","","","","","","","","","","","","","","","","","","","","","","","","","","","","","","","","","","","","3116.00983751616","3213.68347954099","3365.33113697259","3425.17573954739","3479.34252302021","3560.2442306042","3637.777011689","3873.14939078808","3796.3544475367","3769.29018912967","3833.95118692108","3839.52409550416","3990.59821582943","4109.29278206908","3944.43663305212","4087.72006853506","4079.96618821244","","","","",
"Namibia","NAM","Researchers in R&D (per million people)","SP.POP.SCIE.RD.P6","","","","","","","","","","","","","","","","","","","","","","","","","","","","","","","","","","","","","","","","","","","","","","","","","","","","","","","","","",
"New Caledonia","NCL","Researchers in R&D (per million people)","SP.POP.SCIE.RD.P6","","","","","","","","","","","","","","","","","","","","","","","","","","","","","","","","","","","","","","","","","","","","","","","","","","","","","","","","","",
"Niger","NER","Researchers in R&D (per million people)","SP.POP.SCIE.RD.P6","","","","","","","","","","","","","","","","","","","","","","","","","","","","","","","","","","","","","","","","","","9.36240005493164","8.6121301651001","7.98293018341064","8.15635013580322","7.4895601272583","","","","","","","","","","","",
"Nigeria","NGA","Researchers in R&D (per million people)","SP.POP.SCIE.RD.P6","","","","","","","","","","","","","","","","","","","","","","","","","","","","","","","","","","","","","","","","","","","","","","","","38.5756301879883","","","","","","","","","",
"Nicaragua","NIC","Researchers in R&D (per million people)","SP.POP.SCIE.RD.P6","","","","","","","","","","","","","","","","","","","","","","","","","","","","","","","","","","","","","","71.0310211181641","","","","","","","","","","","","","","","","","","","",
"Netherlands","NLD","Researchers in R&D (per million people)","SP.POP.SCIE.RD.P6","","","","","","","","","","","","","","","","","","","","","","","","","","","","","","","","","","","","","2285.70190429688","2433.658203125","2485.8115234375","2644.62622070313","2654.70971679688","2852.72509765625","2729.15112304688","2709.46118164063","2977.96215820313","2930.13940429688","3240.63525390625","3101.31225585938","3070.66723632813","2833.0322265625","3228.9794921875","3674.9765625","4372.4228515625","4561.22802734375","4478.0537109375","","",
"Norway","NOR","Researchers in R&D (per million people)","SP.POP.SCIE.RD.P6","","","","","","","","","","","","","","","","","","","","","","","","","","","","","","","","","","","","","","3963.32788085938","","4096.07763671875","","4360.0009765625","","4504.94140625","4502.3349609375","4584.455078125","4838.03125","5162.76171875","5360.42919921875","5439.126953125","5407.81884765625","5496.2255859375","5547.82080078125","5569.44580078125","5679.326171875","","",
"Nepal","NPL","Researchers in R&D (per million people)","SP.POP.SCIE.RD.P6","","","","","","","","","","","","","","","","","","","","","","","","","","","","","","","","","","","","","","","","","","","61.1821098327637","","","","","","","","","","","","","","",
"Nauru","NRU","Researchers in R&D (per million people)","SP.POP.SCIE.RD.P6","","","","","","","","","","","","","","","","","","","","","","","","","","","","","","","","","","","","","","","","","","","","","","","","","","","","","","","","","",
"New Zealand","NZL","Researchers in R&D (per million people)","SP.POP.SCIE.RD.P6","","","","","","","","","","","","","","","","","","","","","","","","","","","","","","","","","","","","","","2202.56713867188","","2296.79760742188","","2643.64868164063","","3075.22387695313","","3140.73657226563","","3445.00415039063","","3718.9970703125","","3700.77490234375","","4008.71069335938","","","",
"OECD members","OED","Researchers in R&D (per million people)","SP.POP.SCIE.RD.P6","","","","","","","","","","","","","","","","","","","","","","","","","","","","","","","","","","","","","2474.42044150517","2512.96366879696","2598.61898204962","2664.27541615805","2719.9219784227","2799.37147113413","2843.16661989628","2983.07062971729","3040.53997930476","3098.19496931723","3187.36217775608","3175.87016815344","3282.23302486338","3326.26963817248","3344.20883337345","3421.70679727919","3834.0430167489","","","","",
"Oman","OMN","Researchers in R&D (per million people)","SP.POP.SCIE.RD.P6","","","","","","","","","","","","","","","","","","","","","","","","","","","","","","","","","","","","","","","","","","","","","","","","","","","","150.66340637207","170.262145996094","127.272888183594","","","",
"Other small states","OSS","Researchers in R&D (per million people)","SP.POP.SCIE.RD.P6","","","","","","","","","","","","","","","","","","","","","","","","","","","","","","","","","","","","","","","","","","","","","","","","","","","","","","","","","",
"Pakistan","PAK","Researchers in R&D (per million people)","SP.POP.SCIE.RD.P6","","","","","","","","","","","","","","","","","","","","","","","","","","","","","","","","","","","","","","77.433708190918","","","","","","","","82.7419128417969","","164.851867675781","","165.756896972656","","150.993576049805","","166.916275024414","","","",
"Panama","PAN","Researchers in R&D (per million people)","SP.POP.SCIE.RD.P6","","","","","","","","","","","","","","","","","","","","","","","","","","","","","","","","","","","","","111.884559631348","114.556571960449","158.343994140625","96.9634017944336","94.4283599853516","89.4104614257813","94.4437789916992","94.9255065917969","84.9533996582031","103.636276245117","105.369087219238","166.356536865234","132.335662841797","110.692779541016","","118.95777130127","37.9297714233398","39.4147415161133","","","",
"Peru","PER","Researchers in R&D (per million people)","SP.POP.SCIE.RD.P6","","","","","","","","","","","","","","","","","","","","","","","","","","","","","","","","","","","","","","","","","","","","","","","","","","","","","","","","","",
"Philippines","PHL","Researchers in R&D (per million people)","SP.POP.SCIE.RD.P6","","","","","","","","","","","","","","","","","","","","","","","","","","","","","","","","","","","","","","","","","","","","70.6264572143555","","80.0544509887695","","78.1988525390625","","81.8970108032227","","85.0567779541016","","189.407943725586","","","",
"Palau","PLW","Researchers in R&D (per million people)","SP.POP.SCIE.RD.P6","","","","","","","","","","","","","","","","","","","","","","","","","","","","","","","","","","","","","","","","","","","","","","","","","","","","","","","","","",
"Papua New Guinea","PNG","Researchers in R&D (per million people)","SP.POP.SCIE.RD.P6","","","","","","","","","","","","","","","","","","","","","","","","","","","","","","","","","","","","","","","","","","","","","","","","","","","","","","","","","",
"Poland","POL","Researchers in R&D (per million people)","SP.POP.SCIE.RD.P6","","","","","","","","","","","","","","","","","","","","","","","","","","","","","","","","","","","","","1359.43627929688","1441.09692382813","1457.27282714844","1465.20764160156","1433.60083007813","1459.65808105469","1475.10754394531","1523.87854003906","1584.83325195313","1616.13415527344","1548.19689941406","1594.66833496094","1604.2568359375","1585.02307128906","1672.36889648438","1661.72045898438","1735.34558105469","1850.71752929688","2035.78332519531","","",
"Pre-demographic dividend","PRE","Researchers in R&D (per million people)","SP.POP.SCIE.RD.P6","","","","","","","","","","","","","","","","","","","","","","","","","","","","","","","","","","","","","","","","","","","","","","","","","","","","","","","","","",
"Puerto Rico","PRI","Researchers in R&D (per million people)","SP.POP.SCIE.RD.P6","","","","","","","","","","","","","","","","","","","","","","","","","","","","","","","","","","","","","","","","","","","","","","","","","","","","","","260.120941162109","","","",
"Korea, Dem. People’s Rep.","PRK","Researchers in R&D (per million people)","SP.POP.SCIE.RD.P6","","","","","","","","","","","","","","","","","","","","","","","","","","","","","","","","","","","","","","","","","","","","","","","","","","","","","","","","","",
"Portugal","PRT","Researchers in R&D (per million people)","SP.POP.SCIE.RD.P6","","","","","","","","","","","","","","","","","","","","","","","","","","","","","","","","","","","","","1247.11206054688","1342.79174804688","1441.11181640625","1538.59411621094","1628.47106933594","1717.47290039063","1832.03112792969","1945.81555175781","1980.77392578125","2015.84729003906","2344.0244140625","2670.5244140625","3820.19506835938","3761.39453125","3922.91333007813","4172.40087890625","4041.66772460938","3615.14624023438","3699.87280273438","","",
"Paraguay","PRY","Researchers in R&D (per million people)","SP.POP.SCIE.RD.P6","","","","","","","","","","","","","","","","","","","","","","","","","","","","","","","","","","","","","","","","","","88.9464263916016","82.5978927612305","81.7411270141602","86.8026580810547","72.3320693969727","","","77.0613403320313","","","50.3673210144043","169.457992553711","","","","",
"Pacific island small states","PSS","Researchers in R&D (per million people)","SP.POP.SCIE.RD.P6","","","","","","","","","","","","","","","","","","","","","","","","","","","","","","","","","","","","","","","","","","","","","","","","","","","","","","","","","",
"Post-demographic dividend","PST","Researchers in R&D (per million people)","SP.POP.SCIE.RD.P6","","","","","","","","","","","","","","","","","","","","","","","","","","","","","","","","","","","","","2924.9348292332","2963.55459243954","3053.92896578324","3134.45362793339","3209.04844592327","3303.12917739006","3352.96403334267","3498.33463417258","3553.82760611255","3626.7522137489","3633.52031237777","3672.83470797188","3803.91330821858","3868.37617276314","3884.20785589252","3945.03801887623","3992.78400358847","","","","",
"French Polynesia","PYF","Researchers in R&D (per million people)","SP.POP.SCIE.RD.P6","","","","","","","","","","","","","","","","","","","","","","","","","","","","","","","","","","","","","","","","","","","","","","","","","","","","","","","","","",
"Qatar","QAT","Researchers in R&D (per million people)","SP.POP.SCIE.RD.P6","","","","","","","","","","","","","","","","","","","","","","","","","","","","","","","","","","","","","","","","","","","","","","","","","","","","","597.060729980469","","","","",
"Romania","ROU","Researchers in R&D (per million people)","SP.POP.SCIE.RD.P6","","","","","","","","","","","","","","","","","","","","","","","","","","","","","","","","","","","","","1328.81518554688","1256.15246582031","1224.20068359375","1053.14050292969","925.337646484375","897.320739746094","928.336608886719","965.121032714844","985.109191894531","1072.421875","896.964111328125","896.485290527344","935.026000976563","939.578430175781","974.440002441406","799.536010742188","903.2861328125","938.45849609375","921.504699707031","","",
"Russian Federation","RUS","Researchers in R&D (per million people)","SP.POP.SCIE.RD.P6","","","","","","","","","","","","","","","","","","","","","","","","","","","","","","","","","","","","","3795.7607421875","3603.294921875","3341.53759765625","3382.9013671875","3459.13061523438","3468.5537109375","3388.14868164063","3371.60327148438","3315.98193359375","3234.70751953125","3239.58544921875","3276.12231445313","3152.62036132813","3090.01123046875","3087.99145507813","3125.30126953125","3093.56274414063","3073.091796875","3101.62963867188","","",
"Rwanda","RWA","Researchers in R&D (per million people)","SP.POP.SCIE.RD.P6","","","","","","","","","","","","","","","","","","","","","","","","","","","","","","","","","","","","","","","","","","","","","","","","","10.6458101272583","12.2897701263428","","","","","","","",
"South Asia","SAS","Researchers in R&D (per million people)","SP.POP.SCIE.RD.P6","","","","","","","","","","","","","","","","","","","","","","","","","","","","","","","","","","","","","153.126072056801","","115.631309509277","","110.485617766782","","","","","129.088570949186","","","","","155.822709495594","","","","","","",
"Saudi Arabia","SAU","Researchers in R&D (per million people)","SP.POP.SCIE.RD.P6","","","","","","","","","","","","","","","","","","","","","","","","","","","","","","","","","","","","","","","","","","","","","","","","","","","","","","","","","",
"Sudan","SDN","Researchers in R&D (per million people)","SP.POP.SCIE.RD.P6","","","","","","","","","","","","","","","","","","","","","","","","","","","","","","","","","","","","","","","","","","","","","","","","","","","","","","","","","",
"Senegal","SEN","Researchers in R&D (per million people)","SP.POP.SCIE.RD.P6","","","","","","","","","","","","","","","","","","","","","","","","","","","","","","","","","","","","","","","","","","","","","","","260.052520751953","275.442260742188","370.156158447266","","361.123382568359","","","","","","",
"Singapore","SGP","Researchers in R&D (per million people)","SP.POP.SCIE.RD.P6","","","","","","","","","","","","","","","","","","","","","","","","","","","","","","","","","","","","","2551.20336914063","2656.3642578125","3050.73095703125","3295.75610351563","4245.03125","4160.93310546875","4380.9921875","4706.4521484375","4881.8505859375","5291.7685546875","5424.78662109375","5768.56982421875","5740.83740234375","6148.96142578125","6306.51904296875","6495.9873046875","6442.2763671875","6665.1943359375","6658.4990234375","","",
"Solomon Islands","SLB","Researchers in R&D (per million people)","SP.POP.SCIE.RD.P6","","","","","","","","","","","","","","","","","","","","","","","","","","","","","","","","","","","","","","","","","","","","","","","","","","","","","","","","","",
"Sierra Leone","SLE","Researchers in R&D (per million people)","SP.POP.SCIE.RD.P6","","","","","","","","","","","","","","","","","","","","","","","","","","","","","","","","","","","","","","","","","","","","","","","","","","","","","","","","","",
"El Salvador","SLV","Researchers in R&D (per million people)","SP.POP.SCIE.RD.P6","","","","","","","","","","","","","","","","","","","","","","","","","","","","","","","","","","","","","","","","","","","","","","","","","","","","","","","","","",
"San Marino","SMR","Researchers in R&D (per million people)","SP.POP.SCIE.RD.P6","","","","","","","","","","","","","","","","","","","","","","","","","","","","","","","","","","","","","","","","","","","","","","","","","","","","","","","","","",
"Somalia","SOM","Researchers in R&D (per million people)","SP.POP.SCIE.RD.P6","","","","","","","","","","","","","","","","","","","","","","","","","","","","","","","","","","","","","","","","","","","","","","","","","","","","","","","","","",
"Serbia","SRB","Researchers in R&D (per million people)","SP.POP.SCIE.RD.P6","","","","","","","","","","","","","","","","","","","","","","","","","","","","","","","","","","","","","","","","","","","","","","","","964.486267089844","1095.35778808594","1149.3251953125","1212.59460449219","1298.76489257813","1313.86560058594","1380.93591308594","1464.82299804688","","",
"Sub-Saharan Africa (excluding high income)","SSA","Researchers in R&D (per million people)","SP.POP.SCIE.RD.P6","","","","","","","","","","","","","","","","","","","","","","","","","","","","","","","","","","","","","","","","","","","","","","","","","","","","","","","","","",
"South Sudan","SSD","Researchers in R&D (per million people)","SP.POP.SCIE.RD.P6","","","","","","","","","","","","","","","","","","","","","","","","","","","","","","","","","","","","","","","","","","","","","","","","","","","","","","","","","",
"Sub-Saharan Africa","SSF","Researchers in R&D (per million people)","SP.POP.SCIE.RD.P6","","","","","","","","","","","","","","","","","","","","","","","","","","","","","","","","","","","","","","","","","","","","","","","","","","","","","","","","","",
"Small states","SST","Researchers in R&D (per million people)","SP.POP.SCIE.RD.P6","","","","","","","","","","","","","","","","","","","","","","","","","","","","","","","","","","","","","","","","","","","","","","","","","","","","","","","","","",
"Sao Tome and Principe","STP","Researchers in R&D (per million people)","SP.POP.SCIE.RD.P6","","","","","","","","","","","","","","","","","","","","","","","","","","","","","","","","","","","","","","","","","","","","","","","","","","","","","","","","","",
"Suriname","SUR","Researchers in R&D (per million people)","SP.POP.SCIE.RD.P6","","","","","","","","","","","","","","","","","","","","","","","","","","","","","","","","","","","","","","","","","","","","","","","","","","","","","","","","","",
"Slovak Republic","SVK","Researchers in R&D (per million people)","SP.POP.SCIE.RD.P6","","","","","","","","","","","","","","","","","","","","","","","","","","","","","","","","","","","","","1863.32568359375","1857.95642089844","1884.80456542969","1709.23754882813","1848.2880859375","1779.53979492188","1704.76916503906","1787.89880371094","1990.58850097656","2027.89428710938","2185.68701171875","2291.32470703125","2332.40258789063","2460.22216796875","2808.04370117188","2832.16259765625","2819.8525390625","2717.58935546875","2718.52807617188","","",
"Slovenia","SVN","Researchers in R&D (per million people)","SP.POP.SCIE.RD.P6","","","","","","","","","","","","","","","","","","","","","","","","","","","","","","","","","","","","","2256.86547851563","2023.06042480469","2155.25268554688","2226.27099609375","2180.37133789063","2262.24877929688","2335.18041992188","1898.60302734375","2024.18579101563","2631.07543945313","2920.37255859375","3097.96704101563","3463.017578125","3644.98999023438","3753.02075195313","4261.244140625","4306.5986328125","4216.83447265625","4149.91162109375","","",
"Sweden","SWE","Researchers in R&D (per million people)","SP.POP.SCIE.RD.P6","","","","","","","","","","","","","","","","","","","","","","","","","","","","","","","","","","","","","","4162.72265625","","4503.9033203125","","5174.60400390625","","5388.16943359375","5431.13671875","6090.80908203125","6132.65771484375","5004.9619140625","5443.11572265625","5085.00537109375","5255.85595703125","5146.92333984375","5163.7470703125","6670.0283203125","6868.11328125","","",
"Swaziland","SWZ","Researchers in R&D (per million people)","SP.POP.SCIE.RD.P6","","","","","","","","","","","","","","","","","","","","","","","","","","","","","","","","","","","","","","","","","","","","","","","","","","","","","","","","","",
"Sint Maarten (Dutch part)","SXM","Researchers in R&D (per million people)","SP.POP.SCIE.RD.P6","","","","","","","","","","","","","","","","","","","","","","","","","","","","","","","","","","","","","","","","","","","","","","","","","","","","","","","","","",
"Seychelles","SYC","Researchers in R&D (per million people)","SP.POP.SCIE.RD.P6","","","","","","","","","","","","","","","","","","","","","","","","","","","","","","","","","","","","","","","","","","","","","","146.483825683594","","","","","","","","","","","",
"Syrian Arab Republic","SYR","Researchers in R&D (per million people)","SP.POP.SCIE.RD.P6","","","","","","","","","","","","","","","","","","","","","","","","","","","","","","","","","","","","","","","","","","","","","","","","","","","","","","","","","",
"Turks and Caicos Islands","TCA","Researchers in R&D (per million people)","SP.POP.SCIE.RD.P6","","","","","","","","","","","","","","","","","","","","","","","","","","","","","","","","","","","","","","","","","","","","","","","","","","","","","","","","","",
"Chad","TCD","Researchers in R&D (per million people)","SP.POP.SCIE.RD.P6","","","","","","","","","","","","","","","","","","","","","","","","","","","","","","","","","","","","","","","","","","","","","","","","","","","","","","","","","",
"East Asia & Pacific (IDA & IBRD countries)","TEA","Researchers in R&D (per million people)","SP.POP.SCIE.RD.P6","","","","","","","","","","","","","","","","","","","","","","","","","","","","","","","","","","","","","421.022478249281","437.950013010873","369.313601341213","394.936611010196","495.762861807271","501.046816648284","568.760543823796","615.533449844075","709.198354941501","786.198142339873","921.25357933184","984.149481114543","1188.2371012839","700.950958617768","914.573709192539","916.345288757364","1051.81649636062","1028.850878489","1125.82863261709","","",
"Europe & Central Asia (IDA & IBRD countries)","TEC","Researchers in R&D (per million people)","SP.POP.SCIE.RD.P6","","","","","","","","","","","","","","","","","","","","","","","","","","","","","","","","","","","","","","","","","","","","2117.12855326109","2100.17536809034","2076.66649068682","1983.99830343835","1932.15659946191","1896.22391437561","1883.43939996354","1904.93377976853","1813.67316275833","1928.86484880463","1932.554285138","2004.04292122915","","",
"Togo","TGO","Researchers in R&D (per million people)","SP.POP.SCIE.RD.P6","","","","","","","","","","","","","","","","","","","","","","","","","","","","","","","","","","","","","","","","","","","","26.877420425415","25.236930847168","33.3439788818359","23.7257194519043","36.669750213623","","","34.4711494445801","34.6122207641602","35.9346389770508","","38.1705894470215","","",
"Thailand","THA","Researchers in R&D (per million people)","SP.POP.SCIE.RD.P6","","","","","","","","","","","","","","","","","","","","","","","","","","","","","","","","","","","","","100.836761474609","72.8219375610352","","168.102874755859","","279.270690917969","","279.462615966797","","311.338653564453","","322.394104003906","","330.587463378906","","543.473754882813","","","973.998474121094","","",
"Tajikistan","TJK","Researchers in R&D (per million people)","SP.POP.SCIE.RD.P6","","","","","","","","","","","","","","","","","","","","","","","","","","","","","","","","","","","","","","","","","","","","","","","","","","","","","","","","","",
"Turkmenistan","TKM","Researchers in R&D (per million people)","SP.POP.SCIE.RD.P6","","","","","","","","","","","","","","","","","","","","","","","","","","","","","","","","","","","","","","","","","","","","","","","","","","","","","","","","","",
"Latin America & the Caribbean (IDA & IBRD countries)","TLA","Researchers in R&D (per million people)","SP.POP.SCIE.RD.P6","","","","","","","","","","","","","","","","","","","","","","","","","","","","","","","","","","","","","","","","","328.511312142029","326.064947055561","352.936959649587","380.98534223474","428.922370585575","450.691113652735","440.821453721549","455.210512437318","460.916240758194","490.103546384742","509.193610847694","","","","","","",
"Middle East & North Africa (IDA & IBRD countries)","TMN","Researchers in R&D (per million people)","SP.POP.SCIE.RD.P6","","","","","","","","","","","","","","","","","","","","","","","","","","","","","","","","","","","","","","","","","","","","","","","","","600.829693119499","","636.56469227274","","","","","","",
"Timor-Leste","TLS","Researchers in R&D (per million people)","SP.POP.SCIE.RD.P6","","","","","","","","","","","","","","","","","","","","","","","","","","","","","","","","","","","","","","","","","","","","","","","","","","","","","","","","","",
"Tonga","TON","Researchers in R&D (per million people)","SP.POP.SCIE.RD.P6","","","","","","","","","","","","","","","","","","","","","","","","","","","","","","","","","","","","","","","","","","","","","","","","","","","","","","","","","",
"South Asia (IDA & IBRD)","TSA","Researchers in R&D (per million people)","SP.POP.SCIE.RD.P6","","","","","","","","","","","","","","","","","","","","","","","","","","","","","","","","","","","","","153.126072056801","","115.631309509277","","110.485617766782","","","","","129.088570949186","","","","","155.822709495594","","","","","","",
"Sub-Saharan Africa (IDA & IBRD countries)","TSS","Researchers in R&D (per million people)","SP.POP.SCIE.RD.P6","","","","","","","","","","","","","","","","","","","","","","","","","","","","","","","","","","","","","","","","","","","","","","","","","","","","","","","","","",
"Trinidad and Tobago","TTO","Researchers in R&D (per million people)","SP.POP.SCIE.RD.P6","","","","","","","","","","","","","","","","","","","","","","","","","","","","","","","","","","","","","","","","","","","","","","","","","","","","","","","","","",
"Tunisia","TUN","Researchers in R&D (per million people)","SP.POP.SCIE.RD.P6","","","","","","","","","","","","","","","","","","","","","","","","","","","","","","","","","","","","","","","","","","","","","","","","1088.48510742188","1218.18688964844","1491.03601074219","1384.22143554688","1429.14636230469","1622.76171875","1792.52465820313","1803.20959472656","","",
"Turkey","TUR","Researchers in R&D (per million people)","SP.POP.SCIE.RD.P6","","","","","","","","","","","","","","","","","","","","","","","","","","","","","","","","","","","","","304.197601318359","313.076934814453","308.501739501953","322.093292236328","365.005432128906","353.709045410156","368.440948486328","494.398132324219","505.819763183594","576.755493164063","620.968688964844","714.486206054688","750.747619628906","810.517883300781","889.788330078125","980.842468261719","1097.17211914063","1168.59887695313","1156.51293945313","","",
"Tuvalu","TUV","Researchers in R&D (per million people)","SP.POP.SCIE.RD.P6","","","","","","","","","","","","","","","","","","","","","","","","","","","","","","","","","","","","","","","","","","","","","","","","","","","","","","","","","",
"Tanzania","TZA","Researchers in R&D (per million people)","SP.POP.SCIE.RD.P6","","","","","","","","","","","","","","","","","","","","","","","","","","","","","","","","","","","","","","","","","","","","","","","","","","","35.0416603088379","","","18.4920501708984","","","",
"Uganda","UGA","Researchers in R&D (per million people)","SP.POP.SCIE.RD.P6","","","","","","","","","","","","","","","","","","","","","","","","","","","","","","","","","","","","","","","","","","","","","","","","","","","38.0911712646484","","","","","","",
"Ukraine","UKR","Researchers in R&D (per million people)","SP.POP.SCIE.RD.P6","","","","","","","","","","","","","","","","","","","","","","","","","","","","","","","","","","","","","","","","","","","","","","","1478.71569824219","1459.32263183594","1432.32849121094","1349.71069335938","1332.19787597656","1261.86047363281","1234.66162109375","1165.18225097656","1026.40747070313","","",
"Upper middle income","UMC","Researchers in R&D (per million people)","SP.POP.SCIE.RD.P6","","","","","","","","","","","","","","","","","","","","","","","","","","","","","","","","","","","","","709.413114339105","702.931008834252","649.891652586182","662.498704245494","725.769881763002","721.858519032203","770.280833005434","776.160491417877","826.15944371667","894.08985413496","953.313429374223","1034.43540288366","1104.47588604782","898.805203653337","950.297666621933","1012.33449703769","1130.23243946272","1224.09072545461","1264.13642037372","","",
"Uruguay","URY","Researchers in R&D (per million people)","SP.POP.SCIE.RD.P6","","","","","","","","","","","","","","","","","","","","","","","","","","","","","","","","","","","","","","","","218.815475463867","277.519683837891","","373.222900390625","","","","","","273.663391113281","480.854858398438","549.132385253906","524.868469238281","537.27783203125","529.054138183594","504.164916992188","524.252136230469","",
"United States","USA","Researchers in R&D (per million people)","SP.POP.SCIE.RD.P6","","","","","","","","","","","","","","","","","","","","","","","","","","","","","","","","","","","","","3122.39599609375","3224.05249023438","3388.00854492188","3445.10473632813","3475.51513671875","3545.55688476563","3630.322265625","3870.20629882813","3764.83935546875","3718.04907226563","3781.63623046875","3757.78247070313","3911.75439453125","4071.78881835938","3866.962890625","4010.841796875","4018.63452148438","","","","",
"Uzbekistan","UZB","Researchers in R&D (per million people)","SP.POP.SCIE.RD.P6","","","","","","","","","","","","","","","","","","","","","","","","","","","","","","","","","","","","","","","","","","","","","","","","","","","","533.730712890625","","","","","",
"St. Vincent and the Grenadines","VCT","Researchers in R&D (per million people)","SP.POP.SCIE.RD.P6","","","","","","","","","","","","","","","","","","","","","","","","","","","","","","","","","","","","","","","","","","","","","","","","","","","","","","","","","",
"Venezuela, RB","VEN","Researchers in R&D (per million people)","SP.POP.SCIE.RD.P6","","","","","","","","","","","","","","","","","","","","","","","","","","","","","","","","","","","","","","","49.1815795898438","55.612548828125","61.0665817260742","70.6088333129883","69.3330535888672","94.7498779296875","104.467193603516","121.333862304688","146.099212646484","162.735549926758","187.112884521484","182.396850585938","200.1328125","228.356811523438","290.946960449219","","","","",
"British Virgin Islands","VGB","Researchers in R&D (per million people)","SP.POP.SCIE.RD.P6","","","","","","","","","","","","","","","","","","","","","","","","","","","","","","","","","","","","","","","","","","","","","","","","","","","","","","","","","",
"Virgin Islands (U.S.)","VIR","Researchers in R&D (per million people)","SP.POP.SCIE.RD.P6","","","","","","","","","","","","","","","","","","","","","","","","","","","","","","","","","","","","","","","","","","","","","","","","","","","","","","","","","",
"Vietnam","VNM","Researchers in R&D (per million people)","SP.POP.SCIE.RD.P6","","","","","","","","","","","","","","","","","","","","","","","","","","","","","","","","","","","","","","","","","","","113.870681762695","","","","","","","","","","","","","","",
"Vanuatu","VUT","Researchers in R&D (per million people)","SP.POP.SCIE.RD.P6","","","","","","","","","","","","","","","","","","","","","","","","","","","","","","","","","","","","","","","","","","","","","","","","","","","","","","","","","",
"West Bank and Gaza","PSE","Researchers in R&D (per million people)","SP.POP.SCIE.RD.P6","","","","","","","","","","","","","","","","","","","","","","","","","","","","","","","","","","","","","","","","","","","","","","","","74.5733413696289","94.1715621948242","143.182250976563","322.455383300781","","","564.069152832031","","","",
"World","WLD","Researchers in R&D (per million people)","SP.POP.SCIE.RD.P6","","","","","","","","","","","","","","","","","","","","","","","","","","","","","","","","","","","","","","","","","1083.27305025906","","","","","1206.87228314949","","","","","1282.14669736353","","","","","","",
"Samoa","WSM","Researchers in R&D (per million people)","SP.POP.SCIE.RD.P6","","","","","","","","","","","","","","","","","","","","","","","","","","","","","","","","","","","","","","","","","","","","","","","","","","","","","","","","","",
"Yemen, Rep.","YEM","Researchers in R&D (per million people)","SP.POP.SCIE.RD.P6","","","","","","","","","","","","","","","","","","","","","","","","","","","","","","","","","","","","","","","","","","","","","","","","","","","","","","","","","",
"South Africa","ZAF","Researchers in R&D (per million people)","SP.POP.SCIE.RD.P6","","","","","","","","","","","","","","","","","","","","","","","","","","","","","","","","","","","","","","198.804763793945","","","","311.150970458984","","300.841461181641","375.825073242188","357.848266601563","378.820739746094","388.788238525391","385.000762939453","388.159912109375","362.630218505859","385.071044921875","404.685913085938","","","","",
"Congo, Dem. Rep.","COD","Researchers in R&D (per million people)","SP.POP.SCIE.RD.P6","","","","","","","","","","","","","","","","","","","","","","","","","","","","","","","","","","","","","","","","","","","","","","","","","","","","","","","","","",
"Zambia","ZMB","Researchers in R&D (per million people)","SP.POP.SCIE.RD.P6","","","","","","","","","","","","","","","","","","","","","","","","","","","","","","","","","","","","","46.8305397033691","50.6977806091309","52.6189308166504","51.9918403625488","","","","","","","","","40.870548248291","","","","","","","","",
"Zimbabwe","ZWE","Researchers in R&D (per million people)","SP.POP.SCIE.RD.P6","","","","","","","","","","","","","","","","","","","","","","","","","","","","","","","","","","","","","","","","","","","","","","","","","","","","","89.6091232299805","","","","",
